label,pred,prob
1,0,0.4077070001428886
1,1,0.8156646688985358
1,0,0.34601189782377145
1,1,0.8454067626653808
0,1,0.9060787643044562
1,0,0.3646234813021488
0,0,0.413368911426196
1,1,0.848885987248516
1,1,0.8223801957952162
1,1,0.8443974609127681
1,1,0.6388078570692789
1,1,0.9291327960785838
0,0,0.045938081835776745
0,0,0.2208282819569333
1,1,0.8632223242670607
0,0,0.2347352409252046
1,1,0.6501087450488058
0,0,0.07433011035719331
1,1,0.8087002718491861
1,1,0.7442899652393404
1,1,0.5755647668729278
1,1,0.6254710668511115
0,0,0.07580573482622362
1,1,0.5295662303124443
0,1,0.5679650842965257
0,0,0.053849801876177536
1,1,0.7871365257319417
1,1,0.8157925666193665
1,1,0.8109038391860017
1,0,0.49153884329772113
1,1,0.9121365330703772
0,0,0.4283713807815911
1,1,0.9220683998513752
1,1,0.6699229191681993
0,1,0.8088076585961389
1,1,0.9129253085950171
1,1,0.921879921893492
0,0,0.06037720050158025
1,1,0.8116782101804787
1,1,0.7652505013439544
0,0,0.2993461805091668
1,1,0.7682064225258066
0,1,0.6574200424557517
0,1,0.6471069318603705
1,1,0.7890272642675367
0,0,0.44347084615162546
1,1,0.5464603834215409
0,0,0.44037464315129055
0,1,0.5374582834718418
0,0,0.2683148335872721
1,1,0.71886089010172
1,1,0.9097892461003966
0,0,0.17512448470806916
0,0,0.4291746214010138
0,0,0.30129568032030646
1,0,0.2623107660836383
1,0,0.3744932353641156
0,0,0.055095848137915834
1,1,0.6511511018840748
0,0,0.26851354327618465
1,0,0.3634775456328868
0,0,0.41162298675798925
1,1,0.6720207559119212
1,0,0.35427518120922513
1,0,0.30189667436175943
0,0,0.3859445785565241
1,1,0.9141323296711671
0,1,0.9243641846354862
1,1,0.7912970125748331
0,0,0.11563758505814362
1,0,0.40177335804658376
1,1,0.5703694657852482
1,1,0.5480969104274788
0,0,0.031023148021034196
0,0,0.05407667734946124
1,1,0.9005515270065666
1,1,0.5500527297321862
0,0,0.2771182205542935
1,1,0.7826323306587762
1,1,0.5475099053554398
0,0,0.17004028649614103
1,1,0.7919577505341796
0,0,0.06309955912223851
0,1,0.6014642620134406
0,0,0.30171695932870857
1,1,0.748356893457596
0,0,0.17762791090804608
0,1,0.6383122881830177
0,0,0.12351787022618711
0,0,0.0787777638399823
1,1,0.8613131749737098
1,1,0.9330311187039422
0,0,0.41638783106835975
1,1,0.6438237797073402
1,1,0.7773398091494852
1,1,0.888478714707738
0,1,0.8894384478082304
1,0,0.36680528832711246
0,0,0.045418705047592225
1,1,0.8068878078555157
0,0,0.4506934089711176
1,1,0.5821250024503316
0,0,0.06269393366593483
1,1,0.7993630283021643
1,1,0.8762040290339405
1,1,0.8987583260718339
0,0,0.08264242907030772
0,0,0.05726848099135449
1,1,0.8719303681042669
1,1,0.6435819439872306
0,0,0.07914474373592678
0,0,0.06086499096195962
0,0,0.08977733892185973
1,1,0.6943084881883651
0,0,0.06449541069415131
0,1,0.8262223304160033
0,1,0.6627259664920848
0,0,0.04551469334563687
1,1,0.6483007866907933
0,0,0.035380975181848934
0,0,0.3445405130115162
0,1,0.7281374511990214
0,0,0.1300440953823938
1,0,0.4860445401192031
0,0,0.2554307633725125
1,1,0.6118711236606942
0,0,0.0721918601997603
0,0,0.25844188962285364
0,0,0.03346273713931477
0,0,0.12671753455962917
1,1,0.6473679847092222
1,1,0.8876978896295213
1,1,0.8291356678525403
1,1,0.8096924006885815
0,0,0.3716239254032088
0,0,0.029435159277102205
0,1,0.5476273320833628
0,1,0.8618725737811198
1,1,0.9241694791954664
0,0,0.05430451075856408
1,0,0.4669828681143314
1,1,0.8025965843770637
1,1,0.5949036770218133
1,1,0.8268574599207699
1,1,0.899692251397669
1,1,0.7067689651877892
1,1,0.6311150949053106
0,0,0.08517598358270456
1,1,0.9086869751652149
0,0,0.07788555256871664
0,1,0.6953178629708913
1,0,0.07685693238161262
1,0,0.404120562750735
0,0,0.4532628407099186
1,1,0.5397481797540271
0,0,0.12092278082623593
0,1,0.594437428718968
1,1,0.6045750261932117
0,0,0.041233151283886105
0,0,0.030360249022072027
0,0,0.0362955714774902
1,1,0.9219290859670597
0,1,0.522357502974099
1,1,0.9037118032664825
0,0,0.06712070428432525
0,0,0.3568837122507383
0,0,0.1380831836282319
1,0,0.4598499966039453
0,0,0.098983193545376
0,0,0.0454274971803396
0,0,0.09295224656070315
0,0,0.05338683262678217
1,1,0.9079789241648312
1,1,0.8219021108359059
0,0,0.18587783111964448
1,1,0.8263480558403661
0,0,0.05522950585768069
1,1,0.9101120810697151
1,1,0.8981047760855889
0,0,0.05688643461987168
0,0,0.057066573510841885
0,0,0.09283882631050379
0,0,0.096373186479268
0,0,0.4034097798345491
0,1,0.6171238694475221
1,1,0.8460784946475294
1,1,0.8988786544365406
1,0,0.4518925671618552
1,1,0.6454014697541167
0,0,0.07021743620864632
0,1,0.5349485781507748
0,0,0.32556958780334033
0,0,0.1231993186837795
0,0,0.06472074328019876
1,1,0.7510686866867045
1,1,0.7593153427295385
1,1,0.6327105012156129
1,0,0.14459049894212564
1,1,0.8931977030548446
0,0,0.410613327522254
1,1,0.9121470313460567
0,0,0.2390535861186106
1,1,0.6046207755722663
1,1,0.6057900254161366
1,1,0.8449125185414648
1,1,0.8456469617275277
0,0,0.17940534914688008
0,0,0.1409573641038525
0,0,0.04985149033421271
0,0,0.15132312941880954
0,1,0.6789648671126179
0,0,0.04682819939513028
1,1,0.5635764200674238
1,1,0.8306793789598701
0,1,0.7493155280687238
0,0,0.244739875328799
1,1,0.8273578879409579
0,0,0.38241984305340476
0,0,0.04779251565845211
0,0,0.3272489919210128
0,0,0.1530449856462395
0,0,0.08247299772016524
1,1,0.9015232786663377
0,0,0.27061456277325013
1,1,0.7739497280530429
0,0,0.43977888195633474
1,1,0.5586905017878898
1,1,0.8487458381911756
0,0,0.48633229496179814
0,0,0.048777587715152976
1,1,0.9292185427082755
0,0,0.47816613670544494
0,1,0.6086680288572205
0,0,0.3114830480722466
0,0,0.40928412117234547
1,1,0.7551950845109834
0,0,0.2325605232682443
0,1,0.6124963351775483
1,1,0.7300135493796468
1,1,0.7383046989168058
0,0,0.03961374296638753
0,0,0.26754771376708375
0,0,0.39119132058573336
1,1,0.847611370791644
1,1,0.7587583237896692
1,1,0.7366383328260702
1,1,0.8486588102749408
1,1,0.7981270647870765
1,1,0.9288670064324674
1,1,0.7409511173129291
1,0,0.4362053325685785
1,1,0.7615950733910808
1,1,0.6185440404967038
1,1,0.6103611976059714
1,1,0.600279658553082
1,0,0.28422568553951677
1,1,0.8515431866332803
0,1,0.5970064639372068
0,0,0.032037535489400165
1,1,0.7447534417470766
0,0,0.07625500728010899
1,1,0.7088494772879281
0,1,0.7591575212341125
1,1,0.9248290027266466
1,1,0.5578888520409271
1,0,0.21219447956772775
1,1,0.8518116810210965
0,0,0.1870912632948717
0,0,0.25526522224577636
1,1,0.9051512602007331
0,0,0.030434590034922313
1,1,0.7923156428384059
1,1,0.7148890969360346
1,1,0.8450562326141106
1,1,0.7860369422015147
0,1,0.58735734910054
1,1,0.9195447891466088
0,0,0.4352353079157782
1,1,0.7533673090257859
0,0,0.06543659305580019
1,1,0.605413438651469
1,1,0.5969946495670754
1,1,0.9228176918563752
1,1,0.8142350772217619
0,0,0.038473413033889674
1,0,0.43760352625314797
0,1,0.9133300187305131
0,0,0.04503721363669847
1,0,0.3082129305850387
0,0,0.28887997515679054
0,0,0.031929590173868864
1,1,0.8246619638295328
1,1,0.6715063878491726
1,0,0.2565079738223878
1,0,0.14593394591904754
1,1,0.5249725882114522
0,0,0.2928712406800994
0,0,0.13616304038889268
1,1,0.8241203786196609
0,0,0.2899360743579433
1,0,0.15930105822788718
1,1,0.9286689715018893
0,0,0.23472771042390406
1,1,0.902186466904527
0,0,0.16498834848052793
1,1,0.9135328892518352
1,1,0.8544974728840392
1,1,0.9105143781235641
0,1,0.5840163366398448
0,1,0.5347195702004912
1,1,0.7502482106970628
0,1,0.6131396551567646
0,0,0.05062202017784579
0,0,0.4113335102422037
0,0,0.26425373700738924
1,1,0.5061438379604527
0,0,0.14412828673675945
1,1,0.8376599807159906
1,0,0.1390788925053793
1,1,0.5638798213012234
0,1,0.733943573302335
0,0,0.257218774365976
1,1,0.794135815035419
0,0,0.08249952992911568
0,0,0.06591194277609688
1,1,0.7987471463136844
1,1,0.6593854612574438
1,1,0.8630200637075031
0,0,0.06466332548648238
1,1,0.7334610144589411
1,1,0.9220545383006469
1,1,0.7434981962142934
1,1,0.853266983504079
1,1,0.7582627107876283
1,1,0.57201715252619
0,0,0.07763110169818506
0,1,0.6216564598266301
1,1,0.5583437901385281
0,0,0.04097078398891532
0,0,0.1850056392803865
1,1,0.5851029437636014
0,0,0.09511833141587642
1,1,0.9257667744812342
0,0,0.05694749742760425
1,1,0.8009656168593783
0,1,0.5435054154576929
1,1,0.8990384836274743
1,0,0.3579791704661264
1,1,0.712403656077416
0,0,0.05631568943467101
1,1,0.6574360857900698
1,1,0.7132735087551425
0,0,0.41854018863636816
1,1,0.847396863120975
0,0,0.05341497488227538
1,1,0.6781609543444794
1,0,0.40391101656583717
1,0,0.2752575693653887
0,1,0.5534560454656617
1,0,0.4369525385775794
0,0,0.053862641669248174
1,1,0.7469931513356992
1,1,0.7499911745931763
0,0,0.06541256456524061
0,0,0.3684175294731364
1,1,0.7738952966364145
0,0,0.04994731181096983
0,1,0.5704481540366698
1,1,0.9024344735187799
0,0,0.2707281148581016
1,0,0.42778143393415136
0,1,0.8518812456052451
1,1,0.6342851334055171
0,0,0.28307062930450033
0,0,0.29241880809732235
0,0,0.027563297067402796
1,1,0.7881804818129761
1,1,0.8056504140653175
1,1,0.8651371616412523
0,1,0.6077391587228717
0,0,0.034507248473254634
0,0,0.028592267391570166
1,1,0.8487270075767037
1,1,0.7798635256491335
0,1,0.7725131932729717
1,1,0.7794345682069347
0,0,0.41017015435404164
1,1,0.6264166578810656
0,0,0.49455715267066747
0,0,0.4598708371805386
1,1,0.7916258786618863
1,1,0.7089416929224825
1,0,0.11546755419284886
0,0,0.2779964665529422
0,0,0.20149819116469594
1,1,0.8874141854262436
0,0,0.3882318362472139
1,1,0.86324733467449
1,1,0.7820827778810604
0,1,0.8078842771642969
0,0,0.2904981714259414
0,0,0.16991610675048238
1,1,0.9189441742593438
0,0,0.4088398066296104
1,1,0.8375982833724368
0,0,0.16905510836791554
1,1,0.6648487037286581
1,1,0.5209684478083643
0,1,0.6347944020340502
1,1,0.7474400004827139
1,0,0.2916769011478532
1,1,0.5746453953868172
1,1,0.7111795088556636
0,1,0.6926956275908145
1,1,0.9122473001243534
0,0,0.0377326237891736
0,0,0.3740287531040582
1,0,0.29871267875269175
1,1,0.6194401960888829
1,1,0.7722944985664728
0,0,0.047664729339250464
1,1,0.8852657212576033
1,1,0.6397619267821029
1,1,0.6340403453448579
0,0,0.3603274208288102
1,1,0.6546971129262812
1,0,0.4532389234773656
0,0,0.04693949877708398
0,0,0.1829959205916821
1,1,0.7530650474269424
0,0,0.06270865382758696
1,1,0.8511423645997432
1,1,0.8703857818423821
1,0,0.41975358322641654
1,0,0.4595145581506277
0,0,0.12128995092636083
1,1,0.7501377661494549
1,1,0.6510087249265205
1,1,0.8640761936218524
0,0,0.08155159019862952
1,0,0.39530321116270495
1,1,0.7547746743746655
0,1,0.7083311968568974
0,1,0.7829296410802092
1,1,0.8999621889866629
0,0,0.03826430445179775
1,1,0.7714189804251257
1,1,0.7254994908903647
0,1,0.5842853208188745
1,1,0.5368350076876998
0,1,0.6268596030021835
0,0,0.07983839848011338
1,1,0.7653051543957249
1,1,0.5525327159562284
0,1,0.5065386631993414
1,1,0.7330786174677639
1,1,0.906060238232488
1,1,0.924411396432559
1,0,0.4650379359976217
0,1,0.5923335173455884
1,1,0.9276786178309762
1,1,0.7370565735250644
1,1,0.5003807202594611
0,0,0.08477456446988572
0,1,0.5712977365951684
1,1,0.5674395270840897
0,0,0.23517484820257545
1,1,0.9156729111775623
1,1,0.6142831044437832
0,0,0.33354509952888745
1,1,0.721899483797377
0,0,0.424120037057632
1,1,0.7057153829744709
1,0,0.3350980010938517
0,0,0.25124578157557353
1,0,0.0647627095601389
1,0,0.27645978796673587
1,1,0.7540076853829943
0,0,0.08178927096476714
0,0,0.04731577339515813
0,0,0.03424476942409838
1,1,0.6020738006399731
0,0,0.31603920056460966
1,1,0.9030660451648838
1,1,0.5413815289750942
1,1,0.9126037220272221
1,1,0.534405925762522
0,0,0.39759953563558215
1,1,0.8246167658271752
0,0,0.0926120267297337
1,1,0.5610339474116187
0,0,0.4359832043430492
1,1,0.6563258842908828
0,0,0.049467701840243294
1,1,0.5175587945065521
1,1,0.8198319444074013
0,0,0.382038751742829
1,1,0.7832392564088161
0,1,0.6258283166721111
1,1,0.9146816769141556
0,0,0.18412407892582688
1,1,0.646619398755415
1,1,0.8207498012294843
0,0,0.04519734380958762
0,0,0.25175302738088445
0,0,0.17700439561362344
1,1,0.7553535113082852
0,0,0.264412244753913
1,1,0.907277853101336
0,1,0.61542220039106
0,0,0.18949385544959904
1,1,0.9046549975495861
0,1,0.7286104056742431
1,0,0.2462302456765672
0,0,0.07525538411857997
1,1,0.5448678046491223
0,0,0.0708156687661556
1,0,0.31557315739721653
1,1,0.7436856112957723
1,1,0.7174181276375763
1,0,0.2861490360130998
1,1,0.6494602848007597
1,1,0.8435976808514258
0,1,0.8502935081555059
0,0,0.042493512335536714
0,1,0.6310132612951739
0,0,0.30988497927008557
1,1,0.912081938127471
0,0,0.08627281821322083
1,1,0.589002378613171
0,0,0.1684832778966789
1,0,0.22405406544936188
1,1,0.6292994280928392
1,1,0.9015111507884483
1,1,0.9069768635808937
0,0,0.4323146059058016
1,1,0.733558282150099
0,1,0.6658049581475751
0,1,0.7812049420756455
0,1,0.5813376656013284
0,0,0.06048666179600276
1,1,0.9264498507385905
0,1,0.7333995363404469
1,1,0.570450847060052
0,1,0.7179368281882159
1,0,0.38466968201472107
0,0,0.4297881490795395
0,1,0.72620953983843
0,0,0.08509205494061596
0,0,0.12140233355386065
1,1,0.7031291445993298
1,0,0.4990710103092257
1,0,0.3906101966669079
0,0,0.2935909502378853
0,0,0.2862566216975714
0,0,0.12662533333859657
1,1,0.7473407714615293
1,1,0.6076403184716993
1,1,0.7585380408252858
1,1,0.666816476474203
0,0,0.11693077001640974
0,0,0.25291682282188144
0,0,0.3030142062930613
0,1,0.5508302229431604
1,1,0.8367914180678482
0,0,0.18604231851963396
0,0,0.053664073099805025
0,0,0.04150844813784395
1,0,0.4287358432429163
0,1,0.7531516504520549
1,1,0.7704946967010615
0,0,0.3466923355510012
1,0,0.2775709239187667
0,0,0.054774047895462176
0,0,0.051834057966596465
1,1,0.8900688198678082
1,1,0.8907712717971006
1,1,0.9168698345190746
1,1,0.6078426310647078
0,0,0.45908401086326284
0,0,0.09448809243233902
1,1,0.9076227953049729
0,0,0.4371752552252767
0,1,0.5729126764380357
1,1,0.6287170243774676
1,1,0.7748426726134858
1,1,0.5837513300579147
1,1,0.8426165920433246
0,0,0.06568593657578306
1,1,0.6040462530070403
1,1,0.7116782268753926
0,0,0.245525370262653
0,1,0.5859226555069453
1,1,0.5809551479080137
1,1,0.8545472438576175
0,0,0.11621324168955253
1,1,0.6720329269470786
1,1,0.7936120909592568
1,1,0.5483030390402455
0,0,0.18854694373684006
0,0,0.2573913018318223
1,1,0.6888384931675837
1,1,0.6445924555804967
0,0,0.37752199290480304
0,0,0.3871496368305386
1,1,0.6624766580285248
1,1,0.8492069943509348
0,0,0.4057956940078154
1,0,0.3280342933020279
0,0,0.24264152690736426
0,1,0.5260608085682953
0,0,0.20437271692894132
1,1,0.7674086649935784
0,0,0.08333985772300065
0,0,0.05376554474235168
0,0,0.41660650179244885
0,1,0.8663966433836728
1,1,0.7881768794805999
0,0,0.466854387550391
1,1,0.8521277762182913
1,1,0.5857151982793944
1,0,0.38288155080995456
0,1,0.76559014943292
0,1,0.6104481409816078
1,1,0.7834460699917086
0,0,0.032369928058004226
0,1,0.6064331740715309
1,1,0.8319325747344944
0,0,0.24683564935388727
1,1,0.9031800433456431
0,0,0.07790834504466773
1,1,0.5949950302901345
0,1,0.6011109303755005
1,1,0.8999563963342693
0,0,0.03227140230082017
0,0,0.047911250599283736
1,1,0.6429953406133663
1,1,0.9173570045186629
1,1,0.7751640406979268
1,1,0.6913348864422642
1,1,0.8396888801335639
0,0,0.25364205077381347
0,0,0.39113930673741937
0,0,0.19380130851640634
1,0,0.2683425871329046
1,1,0.8542766727573987
1,1,0.9138577850248522
0,1,0.5395054586705657
0,0,0.10700097869526927
1,1,0.8586582634428729
0,0,0.05274210502807105
0,0,0.2613840702572351
1,1,0.805015955627319
1,1,0.5948396242426647
1,1,0.8290411873890928
0,0,0.338222106094513
0,0,0.04963055032303028
1,1,0.893114623921784
1,1,0.632013126892804
0,0,0.09176417701111517
0,1,0.5834850558824626
1,1,0.8945565470815491
0,0,0.072562945967616
0,0,0.21465164348418242
1,1,0.5852690384685861
1,1,0.9044921229602265
0,0,0.0566572342632138
1,1,0.6594273128259114
1,1,0.748987857533397
0,1,0.5722991551486112
0,0,0.06145501112808486
1,1,0.8383612893162572
1,1,0.873015973778117
0,0,0.4096494056871373
1,0,0.36717336843556914
1,1,0.9096249767526668
1,1,0.7900949820853991
1,0,0.07334413619547665
1,1,0.7639175643155476
0,0,0.029180424084399453
0,0,0.41937607313886166
0,1,0.6259527676453591
1,1,0.8349678740947446
0,0,0.05629033266455318
1,1,0.9198114325339857
0,0,0.2562818193288463
1,0,0.40712595159717385
1,1,0.861223955173269
0,0,0.3435561055875533
1,1,0.8240955191734888
0,0,0.19935624341135394
1,1,0.5486182458220563
1,1,0.7077891268951376
1,1,0.9181410278091517
1,1,0.5647383264695145
1,1,0.682589385279606
1,1,0.5871640074027615
0,0,0.07078881756659693
1,1,0.6291321441090065
1,1,0.5407211589750867
0,0,0.11964375054707896
0,0,0.26370364977549815
0,1,0.5836504258521724
1,1,0.7617364653491377
0,1,0.5121747869582116
0,0,0.15691809726889824
1,1,0.9220448390862617
0,1,0.6649012978217584
0,1,0.7867112353147933
1,1,0.7301293920210474
0,0,0.2084344547270554
1,1,0.8395663923240337
0,0,0.13719815886059988
1,1,0.8454379915470673
0,0,0.37190804988803977
1,1,0.7874309138158269
0,0,0.1184017559994594
1,1,0.6544679377780853
0,0,0.39277368244187366
1,1,0.7917644428558782
1,1,0.5578008887714071
0,0,0.10999485273662798
0,0,0.07287486402491442
1,0,0.48179250751452335
1,1,0.8174883440390045
1,1,0.7726614811754421
0,0,0.05137097118893178
0,0,0.24338216636537915
1,0,0.20249694013457753
0,0,0.21245107934255722
1,1,0.7381885482111932
1,1,0.9126249166804071
0,0,0.0975463011609133
1,1,0.7651059317384905
1,0,0.33255440286265064
0,0,0.062438163263001445
0,0,0.03849726451427133
1,1,0.9209850487498292
0,1,0.9160972743273831
1,1,0.8411202434124299
0,0,0.15381369005170975
0,0,0.05017465213811069
0,0,0.14809839770522346
1,1,0.7623119364414584
0,0,0.3730977260567503
0,0,0.4722691114551746
0,0,0.3188685358515778
0,0,0.060256290057364645
0,0,0.053781225092062276
1,0,0.4168307060444332
0,0,0.049050111430768095
1,1,0.8115086877498314
0,0,0.23566934804694764
1,1,0.8337022814264945
0,0,0.20595576205303687
1,1,0.6030996873455828
1,1,0.7551467665408987
0,0,0.27593171945482003
0,0,0.30888444482657806
0,1,0.7730854857163993
1,1,0.9021053044910194
1,1,0.8299736352320353
1,1,0.6735396169124406
1,1,0.6610470196934378
0,0,0.3933974934868534
0,0,0.05489378920420304
1,1,0.9137070507167675
1,1,0.5368140088711614
1,0,0.1582809426425666
1,1,0.9119814986417202
0,0,0.055005399306579994
1,1,0.5642100202142217
0,0,0.4329044824013817
1,1,0.7893135672058765
1,1,0.9122675344526028
0,0,0.25731377854655874
0,1,0.6001017563567695
1,1,0.795698656265195
1,1,0.9249677365098967
1,1,0.7855675086596611
1,1,0.6121696963705637
0,0,0.031001559640393913
1,0,0.36264327547106373
0,0,0.4177226508835144
0,0,0.3578031184244227
1,0,0.4686416635235543
0,0,0.13392652091450208
0,0,0.38069531073284346
1,1,0.5574408812440927
0,0,0.03371823543056421
0,0,0.2540614428341451
0,0,0.13978910583658238
1,1,0.7345646044359526
1,0,0.42603426104663605
1,1,0.6819044378913909
0,0,0.22259470083173774
0,1,0.6996309966277076
1,1,0.716659006339025
1,0,0.48941975325950204
0,1,0.6427986708795764
0,0,0.2260366135811418
0,0,0.049653022115376984
0,0,0.08908724808396294
1,1,0.9131276269878423
1,1,0.7166600045095468
0,0,0.05925488932903867
1,1,0.9122533774688566
0,0,0.14964740561477174
1,1,0.8311369264094943
0,0,0.0613746971219516
0,0,0.3444416839566189
0,0,0.0722281300181916
0,0,0.04109595659832415
1,1,0.6106693723253896
1,1,0.9089229768386571
1,1,0.8944545118057992
0,0,0.1040415220881769
0,0,0.4364724697071584
0,1,0.5260473894030233
0,0,0.15198319555357967
1,1,0.7423012717432644
0,0,0.08264848162526821
1,1,0.8993647820493511
1,0,0.2238442346827115
0,0,0.08248319786033302
0,0,0.04433023650031571
0,1,0.6045470384217494
1,1,0.7134329631251748
1,1,0.8018171838473748
0,0,0.07554451816606324
0,0,0.3145315666153234
0,0,0.04880941073324217
1,1,0.580680763670368
1,1,0.6915927490623851
1,1,0.6114359957867509
0,0,0.27513681844849763
0,0,0.06412694140539826
1,1,0.9155701574875865
1,1,0.8555586894594293
0,0,0.4476945840442498
0,0,0.06883770942663364
0,0,0.44230598255802545
0,0,0.03324594467483336
1,1,0.6471513752581679
1,1,0.6136609861270972
1,1,0.8057924630326004
0,0,0.06090445360553468
0,0,0.06791504295940504
1,1,0.7641463789686695
1,1,0.6436590438335541
0,0,0.3811274032110316
1,1,0.8803851340592295
0,0,0.03677337642926045
1,1,0.6418221600823782
0,0,0.05168401593412431
1,0,0.37526103973804337
0,0,0.4036608494280879
1,1,0.7673214319584355
0,0,0.1275289795330059
1,0,0.3654270646591245
1,1,0.9087120168237488
0,0,0.25976126175639574
1,1,0.5672915950673204
0,0,0.2510969709345562
0,1,0.623423866498846
0,0,0.2778273612961205
1,1,0.8571829532809243
1,1,0.896805747490195
0,0,0.035217503564633074
0,0,0.1649378088700312
1,1,0.5066380054947421
1,1,0.5820212713400623
1,1,0.9093965579380406
0,1,0.5868919536091539
1,0,0.3505234573549758
1,0,0.4058687546661946
1,1,0.8074935141630653
0,0,0.4514308341694446
1,1,0.6207839641804154
0,0,0.03120010699995808
0,1,0.8323626892086211
1,1,0.6597410337334967
0,0,0.20467457925902957
1,0,0.4281726765239749
1,1,0.9155478574514176
0,0,0.2772457182618219
1,0,0.3814444755415869
0,0,0.051684073642955145
1,1,0.7747076857946726
1,0,0.3640256444099408
0,0,0.16183186017770976
0,0,0.4399174178316027
0,0,0.24102907609072127
0,0,0.06740123068775442
1,0,0.14143533476864742
0,0,0.3436268160394306
0,0,0.05904075252983592
1,1,0.6411262442229686
1,1,0.7851861230829633
1,1,0.6541373563914663
0,1,0.6411281504696684
0,0,0.03781343723425501
1,1,0.6291676358475758
0,0,0.4015732228306893
0,1,0.5356707526839323
1,1,0.6192206662960678
1,1,0.8454031955423686
1,1,0.5354834958256367
0,0,0.04964060774801426
0,1,0.8643060896827858
0,1,0.5916738426551191
1,1,0.8257245431373903
0,1,0.8147036419322847
1,1,0.5361274522389785
0,1,0.5918742106038555
1,1,0.7840857305769665
1,1,0.6404875790054364
0,0,0.06038020984280507
1,1,0.5122377744529923
0,0,0.1763212100906165
0,1,0.7700533914571683
1,1,0.8519371557106853
1,1,0.8988613944518044
0,1,0.5619137066712924
0,0,0.12471469116433655
1,1,0.768178284237474
0,0,0.3998384528304842
0,0,0.15325912331719466
0,0,0.14536137434351007
0,0,0.4450258955236662
0,0,0.22609150774612347
1,0,0.29979341325718445
0,1,0.5584323313376612
1,1,0.5309288051452131
0,0,0.3169400196249436
1,1,0.8522623283781982
1,1,0.7153898034473444
1,1,0.7615870247978402
1,1,0.5946972997404085
0,0,0.043645431462610774
0,1,0.6826374661071876
1,1,0.5136988598162878
0,0,0.0817965580445674
1,1,0.8767487434784127
0,1,0.9099548268045438
0,0,0.20045513021465486
0,1,0.7831270969616524
1,1,0.8448686116589911
1,1,0.7909891619823862
1,1,0.552854943893215
0,0,0.4044291170264182
1,1,0.5683760396840355
0,0,0.2609006361326651
0,0,0.0366551681022649
1,0,0.11392664878876768
1,1,0.6275344986387714
1,1,0.8191531521692713
0,1,0.7304473929662357
1,1,0.5369955194747447
1,1,0.5432301483096326
1,1,0.6233795372839005
0,0,0.0835826108009026
0,0,0.28878338742135856
0,0,0.21702283677834897
0,0,0.22304907216081382
0,0,0.09637531994815311
0,0,0.3204535871656431
1,1,0.6944640560842551
1,1,0.7111014653850417
1,1,0.5617749058521895
1,1,0.744505331236796
0,0,0.36703449284617923
1,1,0.8918203617996256
0,1,0.6476875656896951
1,1,0.5741329101659576
1,0,0.36014711568931734
0,0,0.07411197610672388
1,1,0.8149336937597188
0,1,0.6583220082688368
1,1,0.8173402410783678
1,1,0.663040090307123
0,0,0.03198944363290706
0,1,0.8982909265045543
1,0,0.37834887849439713
1,1,0.90084364112494
1,1,0.845798043563666
0,0,0.42955904592021044
1,1,0.9217575153629493
0,0,0.051281887896192146
0,0,0.36892232577856504
1,1,0.9133786136059331
1,1,0.5351488510908732
0,0,0.3400865124812624
1,1,0.8567218042775623
0,1,0.8365959066856223
0,0,0.0697263643441177
1,1,0.5190066437455322
0,0,0.27157771637530964
1,1,0.7707478819103006
0,0,0.03699228780617751
1,1,0.829321408863041
0,0,0.06863144554214831
0,1,0.6593854612574438
1,0,0.4481159104610272
0,0,0.14276155582579023
1,1,0.6786372517821347
0,0,0.3562798964717198
0,0,0.35466206556553875
1,1,0.655424904904047
1,1,0.5282847257135722
0,1,0.5987668020250915
1,1,0.9209098120391555
0,0,0.07272530754570115
0,0,0.06490853654038775
0,0,0.034382165029205
0,0,0.05147998559709908
0,1,0.6515291766503021
0,1,0.7502822481241811
0,1,0.7213046037836461
0,1,0.6134174988656625
0,0,0.045263956022234736
1,1,0.8555627652627508
0,0,0.0474794052727132
0,0,0.054098855102358935
1,1,0.6822951543945719
0,0,0.3061830336376738
0,0,0.22957495439020587
1,1,0.5380292437605958
1,1,0.8742249576600685
1,1,0.590879953633419
1,1,0.837469983051113
1,1,0.9222620464826945
0,0,0.04471548478390799
0,0,0.0936967526064606
0,0,0.059648871072591675
1,1,0.7256918268377249
0,1,0.6157809737136436
0,1,0.564142766830285
1,1,0.584235591140457
1,1,0.6304105322884367
1,0,0.15433864765298966
0,0,0.44509776515069777
1,1,0.9159689246781421
0,0,0.043737657274185236
0,1,0.5162227478962337
1,1,0.8601315442323352
1,1,0.8162169510138787
1,1,0.525361382440745
0,0,0.05055277602235359
0,0,0.06047085755627634
1,1,0.6789768210659727
0,1,0.6154433197531699
1,1,0.9135267644265493
1,1,0.7842987237816869
0,0,0.03387839307849103
1,1,0.79718053608533
0,0,0.056901429218418564
1,1,0.5992155513322812
1,1,0.8494856488148868
0,0,0.37333658260740227
1,1,0.5643021701889545
1,0,0.43776185097687864
1,1,0.6023977828442637
0,0,0.028463479885572077
1,1,0.709841144591359
0,0,0.4071932645882629
1,0,0.39489647245594095
1,0,0.4035084774207615
1,1,0.7391936989670919
1,1,0.8467940914704802
1,1,0.908978968818708
0,0,0.4805484022961131
0,0,0.05758087310926739
0,0,0.27648029065125307
0,0,0.35266326884811466
0,0,0.4738389193735923
0,0,0.09402531031130129
1,1,0.9259230370698733
0,0,0.05006268141685568
1,0,0.28440617939687596
1,1,0.6382977840788853
1,0,0.08461834778280006
1,1,0.9257975818291685
0,0,0.21311655476533858
0,0,0.4108400357623127
0,0,0.1877882096799723
0,0,0.056049699933623916
0,1,0.5836292697312001
1,1,0.6968606460810421
0,0,0.14479645107397593
1,1,0.5648617376144093
1,1,0.9086862315598523
0,0,0.10842859966457005
0,0,0.06860982735771147
0,0,0.0539272703471198
1,1,0.6781231055978837
0,0,0.21016423106693852
0,0,0.44489173885247063
1,1,0.8626292582866028
1,1,0.7547920970334016
1,1,0.8394570518375879
1,1,0.8993251119135462
1,1,0.9243987559081142
1,1,0.8591907968702338
0,1,0.6510629581196012
1,1,0.6874044024887912
0,0,0.37246024150861473
0,0,0.22768503597347958
0,0,0.31037826371672783
1,1,0.7706860483331939
0,0,0.049539584846633275
1,0,0.4049680219010812
0,1,0.5929828605446205
0,0,0.11100992192262377
1,1,0.926466861232191
1,1,0.7887219392171148
0,1,0.7442114249741401
0,0,0.22208268512205112
0,0,0.10870279043839942
0,0,0.06927868206733545
0,0,0.06581742085908479
1,0,0.3945523612746125
0,0,0.27574778674461825
1,0,0.39586917567399715
0,1,0.6081116666557256
1,1,0.9217333892819166
1,1,0.7640986245242583
0,0,0.27027877285270957
0,0,0.25070800399119936
0,0,0.31900492956562704
0,0,0.03606216713746378
1,1,0.7493451694397524
0,0,0.43404897019865174
0,0,0.34867701300883747
1,1,0.5419722559769049
1,1,0.5766602359989865
0,0,0.07902490107653601
1,1,0.719442374701581
1,1,0.7105153666313981
0,0,0.28834772672486436
1,1,0.8174404170699099
1,1,0.8192837195997368
0,0,0.03221818616293845
0,0,0.08053904475078257
1,1,0.6474480297041026
1,1,0.8181506800282613
0,0,0.3929503880782429
0,0,0.13326809251697852
0,0,0.03359084601534092
0,0,0.2807311107907273
0,0,0.03192410139369331
0,1,0.5609602623948863
1,1,0.5835146226427828
1,1,0.814607740243434
0,1,0.6459295475634365
0,0,0.27895235349602887
1,1,0.6878809419240215
0,1,0.7226611999475414
1,1,0.8114590667274348
0,0,0.3102244700074351
1,1,0.8175278864134632
1,1,0.915948844385071
0,0,0.07223545022099558
1,0,0.3793777108915526
0,1,0.5812993286600878
1,1,0.8266901261055485
1,1,0.9058220807564109
1,0,0.12703176432990787
1,1,0.7851061011054533
0,0,0.06315929979774236
1,1,0.8219914114465477
0,1,0.5808937143459016
1,0,0.3378405983916689
1,1,0.8703109949398202
1,1,0.7950223995086891
1,1,0.7587145227933425
0,0,0.16267491366127876
0,0,0.06210400017456288
0,0,0.19403654133243595
0,0,0.05120775273350512
0,1,0.7102563612978247
0,0,0.037176654847289214
0,0,0.05258247141586751
0,0,0.03792511128491565
1,1,0.7331307761807021
1,0,0.4464826709613997
0,0,0.48618029876962726
0,0,0.30978022703266606
1,1,0.7791779597076831
1,1,0.8446597086058004
0,0,0.2777087905945148
1,1,0.7386850872176749
1,1,0.7736794339606892
0,0,0.06509590368320717
1,1,0.925508647943115
1,1,0.9204651608737062
0,0,0.28310965014527145
1,0,0.3948920465727828
1,1,0.9221151417649402
0,0,0.4661874065463141
1,0,0.40402592923865277
0,0,0.058217916380667804
0,0,0.06909230256252767
1,1,0.7609318741688857
0,0,0.35322185610640944
1,0,0.4079519948708936
0,0,0.05382314602599718
0,0,0.41389974884490577
0,0,0.11682778427828086
1,1,0.7960672301184338
1,1,0.5419288932629576
0,1,0.6152626515805573
1,1,0.7667786370502715
1,1,0.7232423824606701
0,0,0.17098595827847346
1,1,0.7474829426092323
0,0,0.45590442759254096
0,0,0.41559293881065834
1,1,0.9106051604859992
0,0,0.08958654575022353
0,0,0.10804728562006141
1,1,0.6692730005502112
0,1,0.5215971379196428
0,0,0.3725621800830387
1,1,0.741493277511526
1,1,0.7651935588787169
1,0,0.41133950274443093
0,0,0.03498180969077389
0,0,0.051316127734193716
1,1,0.7364503667846809
1,1,0.7920513003985488
1,0,0.12146619493722086
0,0,0.08005807451295247
0,0,0.1962828006804811
1,0,0.37701052000014523
1,1,0.9208119162169042
1,1,0.832535346543743
0,1,0.6847668367326945
1,1,0.6328919271650207
0,0,0.2979908740395373
0,0,0.08107562864782929
1,1,0.8380336740597975
0,1,0.7473447437400049
0,0,0.09353947288846814
0,0,0.0532185572377203
0,1,0.7374739386412245
1,0,0.33251392116199435
0,0,0.030863514058514212
0,0,0.04812301645922146
0,0,0.07651796235135541
0,0,0.04194644188551475
0,1,0.6741082145991238
0,0,0.09420936612687802
0,0,0.2675239064502925
1,0,0.3530075716188177
0,0,0.21420876290009905
0,0,0.030276074199014052
1,1,0.8010262232646583
0,1,0.6092206232206805
0,0,0.03763716492204436
1,0,0.35702116835024955
0,1,0.664427413478044
1,1,0.9286597195060123
1,1,0.8536820036134387
0,0,0.2757245554774155
1,1,0.7338394922878433
0,1,0.8193363513456096
0,0,0.03359023545339926
1,1,0.9067319745060999
0,0,0.03703088075516737
0,0,0.3352656572510947
0,0,0.037986361276659754
0,0,0.03320074537053789
1,1,0.7635587020480612
1,0,0.25289933538730597
0,0,0.058683059861735234
0,1,0.8336496096895485
0,0,0.04906279326721639
0,1,0.5728614381241939
1,1,0.9007650979040206
1,0,0.4292651945691904
0,1,0.5192247622060981
0,0,0.22419021297136205
1,1,0.7547565942858917
1,1,0.5547271839686739
1,1,0.9318958945350662
1,1,0.9098699565078235
0,0,0.12892290448181407
0,0,0.2000118312338583
1,1,0.9115213668985118
0,0,0.14444668309364733
0,0,0.4152527042111004
0,0,0.1887064809489289
0,1,0.5433664988937842
1,1,0.5764523605768809
0,0,0.07541420222059723
1,1,0.5477029681012859
1,1,0.8798839565379329
0,0,0.10569938630470158
0,0,0.34485578397380656
0,0,0.04581362227834487
1,1,0.9041850165509386
1,1,0.5582135339459865
1,1,0.8375259275393142
1,1,0.9212818364388053
1,1,0.5952228211927816
1,1,0.8837844364592923
0,1,0.6701804068414083
0,1,0.5414654602461435
1,0,0.3723169690676439
1,1,0.62405612184657
0,1,0.5692151881200953
0,1,0.734080286112237
0,0,0.04236718818975135
1,1,0.9148169195165196
0,0,0.04505471374147277
1,1,0.7829138987587135
1,1,0.7552734350987405
0,0,0.04344030236371908
1,1,0.6335657059705784
0,0,0.4455513578684934
0,0,0.2755184165063747
0,1,0.7362758155205218
1,1,0.9185935457777347
1,1,0.7934742353339016
1,1,0.8188784319873327
1,1,0.9064655402392344
1,1,0.5480257392714896
0,0,0.25853292264808403
1,1,0.8084984947379243
0,0,0.2987057392040442
1,0,0.254629503997465
1,0,0.42496622494964686
1,0,0.37852990295497757
0,0,0.15852293897303205
0,0,0.03957791627760057
0,0,0.06533861253475454
0,0,0.05553760784283136
1,1,0.554708040145786
0,0,0.0626042113603198
0,0,0.04483192086475305
1,0,0.21009767426902695
1,0,0.3316865822684884
0,0,0.03753479093284948
0,0,0.07004971614205728
0,0,0.3437680083854589
1,1,0.8969488900643948
0,0,0.03377677828071894
1,1,0.5714955249548629
1,1,0.8294850902125789
0,0,0.12567619584383105
0,0,0.17521714881116018
0,0,0.2799819763733242
0,0,0.21915336147730255
0,1,0.5823502662421622
0,1,0.5508893714922084
1,1,0.8280416786683868
0,0,0.06936458957559914
1,0,0.2988151230824332
1,1,0.5329717138374133
0,0,0.047195797396082144
0,0,0.30714326453643576
0,0,0.03193003172577645
1,0,0.417077615889096
0,0,0.08736544950804633
1,1,0.5290997114470974
0,0,0.10173830845457123
0,0,0.27974307260227277
0,0,0.30197387701298617
0,0,0.04372357689463539
0,0,0.13659486175103577
0,0,0.054668002632168054
0,0,0.15817210727693787
1,1,0.8757299411357962
0,0,0.12767869672938503
0,0,0.09759170530687632
0,0,0.1260254336311878
1,0,0.3907308919597802
0,0,0.43484383022896994
0,0,0.2459891689334702
1,1,0.8498761408111458
1,1,0.7992438319397119
0,0,0.42560013646779277
0,0,0.15376216385520494
1,1,0.7280265935497735
0,0,0.39318362049133043
1,1,0.692543963110746
0,1,0.5916727010007901
1,1,0.91159492737617
1,1,0.8994351935564736
1,1,0.7803656543239468
1,1,0.8632414284743104
0,0,0.033826005991644245
1,1,0.5861672616570781
0,0,0.18220947411058466
0,1,0.7507529419895901
0,0,0.18158636544397558
1,1,0.8322710963502583
0,0,0.049787765362025845
0,0,0.2721770643212731
1,1,0.7620719351260533
0,1,0.6228783305942553
1,1,0.5919043476005716
0,1,0.7974488777995369
0,0,0.06606820150605992
0,0,0.08039748809714307
1,0,0.43528541780778063
1,1,0.8902423616592603
1,1,0.8768175530253258
0,0,0.033031560780349474
0,0,0.15676098711526307
0,1,0.603661205924724
0,1,0.9150034845717512
0,1,0.6130285950035498
1,1,0.7805315342211695
1,0,0.4302004271737018
0,0,0.0932694198323026
0,0,0.262024812123328
1,1,0.5115554149579522
1,1,0.6782982409648494
0,0,0.1111572118567446
1,1,0.8535984377366687
0,0,0.2846893650764491
0,1,0.783286476799473
1,1,0.9153135862382344
0,0,0.38826005653649254
0,0,0.03478916011810026
1,0,0.3444549580694198
0,1,0.7870202473526606
0,1,0.6713214799104885
0,0,0.38837768830270974
0,1,0.7525779591701272
1,1,0.8080894824740643
1,1,0.6857112456616208
0,0,0.2792868939461753
0,1,0.5690450633088866
1,1,0.7039096651498894
0,0,0.05650438955474316
1,1,0.6269572534147176
0,0,0.36181371668994194
1,1,0.7495600692594028
1,1,0.7196843217117822
1,1,0.8468539773576346
0,0,0.4139059283702409
0,0,0.23501490420725715
0,0,0.3168565546935639
1,1,0.9270019064160248
0,0,0.18401696113767801
0,0,0.4381366501204805
0,0,0.23184138180205116
0,0,0.3083982157158686
0,1,0.5732277367397467
0,0,0.42665033859431156
0,0,0.030338600211326512
0,1,0.6009351056144161
0,0,0.20798281233188615
0,0,0.29800805868316854
1,1,0.7528104889327354
0,0,0.06536046476217351
0,0,0.034515105171661294
0,1,0.9067747273688546
1,1,0.6351911390858003
1,1,0.7998607225347841
1,0,0.49331069693817453
0,1,0.5833024774976009
1,0,0.4422517896423371
0,1,0.8028331451667854
1,1,0.6168532931096479
1,1,0.7752205264426381
1,1,0.5967368441684283
0,0,0.17957183309354544
0,0,0.36335946309815426
1,1,0.905782379030637
0,0,0.3515487760613769
0,0,0.06714249282734339
1,1,0.8910442401896433
0,0,0.3701251671211263
1,1,0.5933318878743715
0,0,0.06792226382340731
1,1,0.9069289190887442
0,0,0.04528748050398607
1,1,0.903622079481488
1,0,0.4360667223802016
0,0,0.16679347537312436
1,1,0.5711374632222401
1,1,0.6086713207298011
0,1,0.5481180691120028
0,0,0.06648837381191197
0,0,0.282705065793936
0,1,0.6341491229148799
1,1,0.8037889080007444
0,0,0.28036034321795816
0,0,0.41879942975663714
1,1,0.751365537374643
1,1,0.7530133752492402
0,0,0.2557644339305383
1,1,0.9109031404319422
0,1,0.5665222110760253
0,1,0.5328614797134763
0,0,0.25983844798532907
1,1,0.5891634592768471
0,0,0.044050420146004396
1,1,0.7596925998521488
1,1,0.5051491725931556
0,0,0.39190944251623905
0,0,0.05411273447485137
1,1,0.9016987519186997
0,0,0.07170173474759102
0,1,0.5688286843200325
1,1,0.7469531392965663
0,0,0.4635235674614332
1,1,0.5640823657142342
1,1,0.7530409110268147
1,1,0.7968111708330039
1,1,0.7620775158303446
1,1,0.9104974947079865
0,0,0.04504976415598845
1,1,0.7983554243194162
1,1,0.8081217182396382
1,1,0.8182071855943346
0,0,0.4041081952890973
1,1,0.603472790639768
1,1,0.7591254328328716
0,1,0.9256306033271585
0,0,0.07024914583204754
1,1,0.9148800216489258
0,1,0.8078446700460431
1,1,0.9182361246619234
0,0,0.07248348256074261
1,1,0.5702921895728544
0,0,0.06362381462004323
0,0,0.052360140948313205
0,0,0.06840860271054872
1,1,0.7631217331296994
0,1,0.5095051621768765
0,0,0.19341469446744913
1,1,0.6224537935020102
1,1,0.8485239987890701
0,1,0.5959468395485524
1,1,0.9234570597475945
1,1,0.8183752400751398
1,1,0.7567707724076009
0,0,0.06515806778482887
0,0,0.057410899318926165
0,0,0.15176490866151332
1,1,0.8983196810421115
1,1,0.9302536059665931
0,1,0.5597648088215725
1,1,0.8619891098499551
0,1,0.6016260293714049
0,1,0.9175508732181122
0,0,0.22337815263166477
0,0,0.10787318513176258
0,0,0.13535544027718355
0,0,0.26842216819787973
1,1,0.92322567942553
1,1,0.6082849349403251
0,1,0.8179401249614087
1,1,0.705386910191138
1,1,0.8166245604588919
1,1,0.8919398455923563
0,0,0.4563549744257846
0,0,0.3408308126116403
1,1,0.8218830399274233
0,0,0.4095617202341575
1,1,0.7444932781442878
0,0,0.444963676541386
1,1,0.7877535621798748
1,0,0.4379941175315435
0,0,0.057531539532940934
0,0,0.0526749160721308
1,1,0.8479664133780339
1,1,0.563206376317616
0,0,0.09570567799970012
0,0,0.1494443869204154
1,1,0.6939389958388607
1,0,0.45489790324938667
0,1,0.5973395119939402
1,1,0.7300393710187391
0,0,0.052162646000368726
0,0,0.09376717711800453
0,0,0.28202836584121804
1,1,0.5915289261864977
0,0,0.06752560015759561
1,1,0.5973496509560037
0,0,0.21399512489882386
0,1,0.6875152401099032
1,1,0.7950047946508059
0,0,0.31392641100110613
0,0,0.08659894214053315
1,1,0.916899547095521
1,0,0.366463807691245
1,1,0.9271282214412851
1,1,0.7861119313903363
1,1,0.9146336543199065
0,1,0.5043673637678452
1,1,0.6155284667029404
0,0,0.06749204368332716
0,0,0.03384642188698862
0,0,0.2668600498735505
1,1,0.5013451814151119
0,1,0.6828932670090202
1,1,0.9166883013570019
0,0,0.1828319296595413
1,1,0.6865304038332563
1,1,0.7602871723542748
0,0,0.09021728898856715
0,0,0.3927854431483271
1,1,0.640498525843923
0,0,0.11581746477707061
0,0,0.20380720318061546
0,0,0.1382127385010693
0,1,0.7572671327228981
0,1,0.8546430452591947
1,1,0.9306514234145892
1,1,0.6079079505692216
1,1,0.8643060896827858
1,1,0.8971659547135813
0,1,0.7823259938491874
1,0,0.07637186747315074
0,0,0.07527217359362953
0,0,0.4119336509690648
0,0,0.03142230325466279
1,1,0.7792996504103599
1,0,0.43476186231196634
1,1,0.6269199885414566
0,1,0.8273542654443873
0,0,0.0351194338458148
1,1,0.7600934135715863
0,0,0.03387617377669244
0,0,0.24328338433436358
0,0,0.34969545195692636
1,1,0.6640239192931428
0,0,0.06782083194469503
1,0,0.3191996783963732
0,0,0.2958604829510765
1,0,0.22929495945067296
1,1,0.6526088515043774
1,1,0.5172878952437069
0,0,0.25349574853651474
1,0,0.3176156438996916
0,0,0.45576576867793955
1,1,0.8213148936413046
1,1,0.51524124099949
1,1,0.8704645686874021
1,0,0.3984284627148193
1,0,0.3334991855183072
0,0,0.21529745373296316
0,0,0.07996724846949911
0,0,0.0789680024161405
1,1,0.6071275432615695
0,0,0.0721876419220985
0,1,0.751062330531328
1,0,0.4509770651461152
0,0,0.09005502177973512
0,0,0.05598768280506979
0,0,0.25440084761422727
0,0,0.400415609623655
1,0,0.234347553559359
1,0,0.4338351450606177
1,1,0.617434896282925
0,0,0.1313738992766458
1,0,0.31336451051027053
1,0,0.4919740916396567
0,0,0.08521731351224412
1,1,0.7725559862855227
0,0,0.27524384735781166
1,1,0.5816743641971597
0,0,0.06892730279185265
0,0,0.05553884349714908
1,1,0.9089897591697634
0,0,0.046012528177736225
0,0,0.09427843904481138
0,0,0.07995438415115227
0,1,0.8611054051608695
1,0,0.39558463122186627
1,1,0.9191440667948668
1,1,0.8975684821625368
1,1,0.6573222201257435
1,1,0.6479582247098556
0,0,0.45791833619019257
1,1,0.6884653179364071
1,1,0.9108154558942142
0,0,0.07553981440946456
1,1,0.8332403066604631
0,0,0.3723701275922527
1,1,0.8349696521195183
1,1,0.7212758394089782
1,1,0.779749500234262
0,0,0.4367763827976253
1,1,0.6806808383950519
0,0,0.3427717641018913
0,0,0.12392094864172705
1,0,0.36037153773275793
1,1,0.8446927942816489
1,1,0.7750550230855187
0,1,0.6052094615810977
0,0,0.44537354274673785
0,0,0.2768792761617208
0,0,0.15826465028899095
0,1,0.6811123319781679
1,1,0.9169651557943119
1,1,0.6138753987752582
0,0,0.3576402910296101
1,1,0.666769291348687
1,1,0.8436454773453085
0,1,0.8053025097686982
1,1,0.8455084022006637
1,1,0.6236426461487347
1,1,0.8391540660525098
0,0,0.23570556479984833
1,1,0.5349615230969557
1,1,0.7048572280714152
0,0,0.1062953388495511
0,0,0.4466220715031207
1,1,0.6126490954990472
0,1,0.6075891162670625
1,1,0.579432319827683
0,0,0.29211310063811685
1,1,0.9073727675123314
0,1,0.5900968154173634
1,1,0.6273717152087457
0,0,0.2925504416038069
0,0,0.11159763774253421
0,1,0.7903374492748587
1,1,0.9169266135349984
0,1,0.589442285870335
1,1,0.5362803400155571
0,0,0.35052657062525916
1,1,0.9049775708446666
0,0,0.2687121878152797
1,1,0.9002232469023512
1,1,0.6999654698542287
1,1,0.7075302406203996
1,1,0.9127080668258865
0,0,0.06584621227099433
1,1,0.8147321064096391
1,1,0.5126789433640164
1,1,0.6265635323272906
0,1,0.7504371356742976
0,1,0.5934039513428025
1,1,0.6179968083349516
1,1,0.7434621614879621
1,1,0.9231688577623044
1,1,0.7381687917907418
1,1,0.7597644208633103
1,1,0.6431082881516696
0,0,0.051852482758955355
0,0,0.06343065247852996
1,0,0.4102514323150245
1,1,0.5291393577012853
1,1,0.7315590424499808
0,1,0.8453961824552156
0,0,0.24538743813956687
1,1,0.6263195889984585
1,0,0.45587571332887844
1,1,0.928097497376352
0,0,0.06892862424060159
1,1,0.7466305769302075
1,1,0.8344259957634341
1,1,0.8044774685303047
0,0,0.054674426418803566
0,0,0.09811260400711991
1,1,0.7876734322604003
1,0,0.3713444804814843
1,0,0.28509949723553857
0,0,0.14670776321018472
1,0,0.15638873909030873
1,1,0.911674765449685
1,1,0.6358423187908361
1,1,0.6314327361263775
1,1,0.5646296201247017
1,1,0.694152522701945
1,1,0.6348528270428191
1,1,0.6391733824404185
1,1,0.7395709531076603
0,0,0.037166961761474694
0,0,0.4655525681110733
1,1,0.7555089094546774
0,0,0.07215794097064934
0,0,0.43558398472260024
0,0,0.03341358984957059
1,0,0.20846087954522832
1,1,0.7322260390976598
0,1,0.6054742539094887
1,1,0.5294233620161501
0,1,0.7920866580525572
0,0,0.2912295304624095
0,1,0.634326719909857
0,0,0.14891378689829599
0,1,0.696398181638093
1,0,0.44279558391604373
0,0,0.3195418629735286
1,0,0.4756061746095458
0,0,0.38208241823360284
0,0,0.11756120258004418
0,0,0.2700745424847232
0,0,0.21309804436284485
1,1,0.6708636008396218
1,1,0.7968227149137641
0,1,0.5234302242424114
0,1,0.60757991395589
0,0,0.3311700527926889
0,0,0.36076770719774526
0,0,0.29380960100653336
0,0,0.20193809250265582
0,0,0.07644782947501609
0,1,0.5882272125029013
0,0,0.06847951936478747
0,0,0.30945831163277615
0,0,0.1366408918750762
1,1,0.7516607921753182
0,0,0.2559128712279055
0,0,0.14575661791892364
1,0,0.0703875663073427
1,1,0.7279597622757201
1,1,0.6094861758896053
0,0,0.44199519539991633
0,0,0.03137321055591862
0,0,0.3927362210246871
1,1,0.8556230506610999
1,1,0.5826740200848989
0,0,0.12992369648716137
0,0,0.06798630584811392
1,1,0.9001987083206202
1,1,0.6376414315321713
1,1,0.927289535040882
0,0,0.03501150186349848
0,0,0.07993612360888867
1,1,0.8287013490785793
0,1,0.5107131205326763
1,1,0.6194891624495005
1,0,0.41552121252919477
1,1,0.5033087591091425
0,1,0.6215861082957252
1,1,0.7236796166319537
1,1,0.7575792994417375
1,1,0.9087531517262817
0,0,0.09647988068477889
0,0,0.37637404472362257
1,1,0.8800069169354181
0,0,0.057775954864228506
1,0,0.36060073569936685
0,0,0.05447057047281325
0,0,0.26501999271422777
1,1,0.6434899845698464
1,1,0.6150584117978757
0,0,0.09281164006383709
1,1,0.6658399111716226
1,1,0.8561761223978998
0,0,0.2747199942452418
1,1,0.7400331017971943
0,0,0.07072386262774534
0,0,0.07127481226407974
0,1,0.9108197406968016
1,0,0.41821141723799765
1,1,0.650518015287106
0,1,0.6491565709359212
1,1,0.7978166057943482
0,0,0.06643874792372585
0,1,0.8253485509257287
1,0,0.3296001820130561
1,1,0.7507858980059958
1,0,0.4312397670305953
0,1,0.5537641161054113
1,1,0.7780226785140706
0,0,0.15229615650356354
1,1,0.8021520620047456
1,1,0.7963191197014433
0,0,0.15709106146125523
0,0,0.06208142612279891
0,0,0.03421264592698486
1,1,0.7911280324635657
0,0,0.20358148627245648
1,0,0.4220873354005545
1,0,0.30206891157211435
1,0,0.3607736797995978
1,0,0.38761777685968674
0,0,0.2545594173185889
0,1,0.5823275783658192
0,1,0.7365402292270775
1,1,0.8474504299217839
1,1,0.5623711199893338
1,0,0.1264395778518549
0,1,0.5133771695444256
1,1,0.8277602033870775
0,0,0.07605483729110857
0,1,0.594834752384229
1,1,0.6968358418860796
0,0,0.23793653223866937
0,0,0.04052544148197547
1,1,0.8137842047856765
1,1,0.9037972059255311
1,1,0.9196657245494497
0,1,0.5855376382125258
1,0,0.30991090752324096
1,1,0.917167987176833
1,0,0.3190614450686709
1,1,0.9151309358674691
1,0,0.41391343538521835
1,1,0.8933114625835494
1,1,0.647521725434391
0,0,0.09344949633171584
0,0,0.0680021783847436
0,0,0.4215799775242411
1,1,0.9210883172741184
0,0,0.2858478974635779
0,0,0.04907184043584124
1,1,0.7536895546303474
0,0,0.08035287310169617
1,1,0.5529448144133252
1,0,0.277336711411553
0,0,0.17625852359076113
1,0,0.43957096573791987
1,1,0.5474993993908979
0,0,0.08174961582320417
1,1,0.8067725873032591
0,0,0.26129345368610607
1,1,0.8362587890312227
0,0,0.031552096106618445
0,0,0.44707963526896266
0,0,0.10079510020795476
0,0,0.055010916559637496
1,1,0.5790351172068264
1,1,0.7972824542583442
1,0,0.47784191123849346
1,1,0.8150252319526855
1,1,0.7391940634504943
