k_site,plddt,sasa_total,rsasa,sc_sasa,secondary_structure,data1_prob,data1_pred,data3_prob,data3_pred,consensus
33,47.59,188.87,0.821,157.04,Sheet,0.152,0,0.072,0,non-Kla
44,45.69,185.1,0.805,148.68,Sheet,0.3,0,0.099,0,non-Kla
53,44.88,199.11,0.866,163.91,Sheet,0.671,1,0.286,0,Ambiguous
66,45.16,180.81,0.786,129.95,Coil,0.486,0,0.312,0,non-Kla
84,43.5,172.35,0.749,128.12,Sheet,0.178,0,0.166,0,non-Kla
87,31.16,207.93,0.904,171.53,Sheet,0.271,0,0.9,1,Ambiguous
108,34.66,198.04,0.861,163.49,Coil,0.237,0,0.739,1,Ambiguous
109,42.84,184.35,0.802,150.32,Coil,0.238,0,0.936,1,Ambiguous
118,59.12,174.98,0.761,139.37,Coil,0.258,0,0.921,1,Ambiguous
127,81.75,141.05,0.613,137.09,Helix,0.266,0,0.313,0,non-Kla
128,79.44,84.61,0.368,78.45,Helix,0.32,0,0.533,1,Ambiguous
135,83.81,193.31,0.84,172.2,Helix,0.465,0,0.12,0,non-Kla
158,83.94,136.75,0.595,106.28,Helix,0.038,0,0.049,0,non-Kla
180,73.38,117.66,0.512,94.91,Helix,0.601,1,0.054,0,Ambiguous
195,87.06,121.93,0.53,112.63,Helix,0.815,1,0.259,0,Ambiguous
214,82.38,158.56,0.689,156.33,Helix,0.83,1,0.769,1,Kla
229,50.91,153.16,0.666,145.94,Helix,0.511,1,0.424,0,Ambiguous
240,83.19,112.39,0.489,110.25,Helix,0.235,0,0.258,0,non-Kla
246,87.5,100.45,0.437,99.01,Helix,0.346,0,0.718,1,Ambiguous
251,88.75,131.87,0.573,126.04,Helix,0.798,1,0.344,0,Ambiguous
257,89.38,96.53,0.42,95.15,Helix,0.794,1,0.938,1,Kla
262,86.19,146.91,0.639,138.89,Helix,0.755,1,0.938,1,Kla
264,81.25,146.11,0.635,136.42,Helix,0.723,1,0.939,1,Kla
268,70.31,151.68,0.659,145.21,Helix,0.661,1,0.938,1,Kla
269,71.75,172.74,0.751,154.3,Helix,0.513,1,0.938,1,Kla
270,67.56,175.92,0.765,141.2,Helix,0.747,1,0.938,1,Kla
