Lysine_site,pLDDT,SASA_total_A2,rSASA,Secondary_structure,Pos_count_4model,Majority_vote
K33,47.6,188.9,0.821,Sheet,0,non-Kla
K44,45.7,185.1,0.805,Sheet,1,borderline
K53,44.9,199.1,0.866,Sheet,0,non-Kla
K66,45.2,180.8,0.786,Coil,1,borderline
K84,43.5,172.3,0.749,Sheet,0,non-Kla
K87,31.2,207.9,0.904,Sheet,4,Kla
K108,34.7,198.0,0.861,Coil,4,Kla
K109,42.8,184.3,0.802,Coil,3,Kla
K118,59.1,175.0,0.761,Coil,4,Kla
K127,81.8,141.1,0.613,Helix,2,borderline
K128,79.4,84.6,0.368,Helix,2,borderline
K135,83.8,193.3,0.840,Helix,0,non-Kla
K158,83.9,136.8,0.595,Helix,0,non-Kla
K180,73.4,117.7,0.512,Helix,0,non-Kla
K195,87.1,121.9,0.530,Helix,1,borderline
K214,82.4,158.6,0.689,Helix,4,Kla
K229,50.9,153.2,0.666,Helix,2,borderline
K240,83.2,112.4,0.489,Helix,2,borderline
K246,87.5,100.5,0.437,Helix,4,Kla
K251,88.8,131.9,0.573,Helix,4,Kla
K257,89.4,96.5,0.420,Helix,4,Kla
K262,86.2,146.9,0.639,Helix,4,Kla
K264,81.2,146.1,0.635,Helix,4,Kla
K268,70.3,151.7,0.659,Helix,2,borderline
K269,71.8,172.7,0.751,Helix,3,Kla
K270,67.6,175.9,0.765,Helix,3,Kla
